{"nm":"Main Scene","ddd":0,"h":825,"w":825,"meta":{"g":"@lottiefiles/creator 1.42.2"},"layers":[{"ty":4,"nm":"ÃÂÃÂÃÂÃÂÃÂÃÂºÃÂÃÂ° 2","sr":1,"st":0,"op":300,"ip":0,"hd":false,"ddd":0,"bm":0,"hasMask":false,"ao":0,"ks":{"a":{"a":0,"k":[-221.715,95.051,0],"ix":1},"s":{"a":0,"k":[100,100,100],"ix":6},"sk":{"a":0,"k":0},"p":{"a":1,"k":[{"o":{"x":0.333,"y":0},"i":{"x":0.667,"y":1},"s":[180.285,91.051,0],"t":0},{"o":{"x":0.333,"y":0},"i":{"x":0.667,"y":1},"s":[177.285,105.051,0],"t":28},{"o":{"x":0.167,"y":0.167},"i":{"x":0.833,"y":0.833},"s":[178.0784,101.8773],"t":34},{"o":{"x":0.167,"y":0.167},"i":{"x":0.833,"y":0.833},"s":[179.361,96.7468],"t":38},{"o":{"x":0.167,"y":0.167},"i":{"x":0.833,"y":0.833},"s":[180.4299,92.4714],"t":41},{"o":{"x":0.167,"y":0.167},"i":{"x":0.833,"y":0.833},"s":[181.285,87.5412],"t":45},{"s":[180.285,91.051,0],"t":89}],"ix":2},"r":{"a":1,"k":[{"o":{"x":0.333,"y":0},"i":{"x":0.667,"y":1},"s":[190],"t":7},{"o":{"x":0.333,"y":0},"i":{"x":0.667,"y":1.019},"s":[191],"t":28},{"o":{"x":0.167,"y":0.167},"i":{"x":0.833,"y":0.833},"s":[228],"t":34},{"o":{"x":0.167,"y":0.167},"i":{"x":0.833,"y":0.833},"s":[199],"t":38},{"o":{"x":0.333,"y":0.034},"i":{"x":0.667,"y":1},"s":[228],"t":41},{"o":{"x":0.167,"y":0.167},"i":{"x":0.833,"y":0.833},"s":[243],"t":45},{"o":{"x":0.167,"y":0.167},"i":{"x":0.833,"y":0.833},"s":[206],"t":52},{"s":[190],"t":79}],"ix":10},"sa":{"a":0,"k":0},"o":{"a":0,"k":100,"ix":11}},"shapes":[{"ty":"gr","bm":0,"hd":false,"mn":"ADBE Vector Group","nm":"Shape 1","ix":1,"cix":2,"np":3,"it":[{"ty":"sh","bm":0,"hd":false,"mn":"ADBE Vector Shape - Group","nm":"Path 1","ix":1,"d":1,"ks":{"a":0,"k":{"c":true,"i":[[-237.63,77.475],[-281,244],[-248.986,291.423],[-229.455,266.253],[-205,108],[-201.533,79.152]],"o":[[-301.5,156.5],[-268.503,286.177],[-229.91299999999998,280.5],[-220,157],[-199.137,91.877],[-220.476,71.60199999999999]],"v":[[-242.5,83.5],[-273,271],[-238.265,285.283],[-229,261],[-201,97],[-210.355,75.636]]},"ix":2},"_render":true},{"ty":"st","bm":0,"hd":false,"mn":"ADBE Vector Graphic - Stroke","nm":"Stroke 1","lc":1,"lj":1,"ml":4,"o":{"a":0,"k":100,"ix":4},"w":{"a":0,"k":0,"ix":5},"c":{"a":0,"k":[0.69,0.69,0.69,1],"ix":3},"_render":true},{"ty":"gf","bm":0,"hd":false,"mn":"ADBE Vector Graphic - G-Fill","nm":"Gradient Fill 1","e":{"a":0,"k":[-180.613,173.333],"ix":6},"g":{"p":3,"k":{"a":0,"k":[0,0.807843137254902,0.807843137254902,0.807843137254902,0.655,0.9294117647058824,0.9294117647058824,0.9294117647058824,1,0.9372549019607843,0.9372549019607843,0.9372549019607843,3,3,3,3,3],"ix":9}},"t":1,"a":{"a":0,"k":0},"h":{"a":0,"k":0},"s":{"a":0,"k":[-276.108,154.158],"ix":5},"r":1,"o":{"a":0,"k":100,"ix":10},"_render":true},{"ty":"tr","a":{"a":0,"k":[-241.64280700683605,181.0502395629883],"ix":1},"s":{"a":0,"k":[100,100],"ix":3},"sk":{"a":0,"k":0,"ix":4},"p":{"a":0,"k":[-241.64280700683605,181.0502395629883],"ix":2},"r":{"a":0,"k":0,"ix":6},"sa":{"a":0,"k":0,"ix":5},"o":{"a":0,"k":100,"ix":7},"_render":true}],"_render":true}],"ind":1,"parent":7,"completed":true},{"ty":4,"nm":"ÃÂÃÂÃÂÃÂÃÂÃÂºÃÂÃÂ° 1","sr":1,"st":0,"op":300,"ip":0,"hd":false,"ddd":0,"bm":0,"hasMask":false,"ao":0,"ks":{"a":{"a":0,"k":[-223.715,93.051,0]},"s":{"a":0,"k":[100,100,100]},"sk":{"a":0,"k":0},"p":{"a":1,"k":[{"o":{"x":0.333,"y":0},"i":{"x":0.667,"y":1},"s":[-223.715,93.051,0],"t":3},{"o":{"x":0.167,"y":0.167},"i":{"x":0.833,"y":0.833},"s":[-223.715,118.5478],"t":28},{"o":{"x":0.167,"y":0.167},"i":{"x":0.833,"y":0.833},"s":[-223.715,108.8164],"t":40},{"o":{"x":0.333,"y":0},"i":{"x":0.667,"y":1},"s":[-223.715,93.051,0],"t":52},{"o":{"x":0.333,"y":0},"i":{"x":0.667,"y":1},"s":[-223.715,76.051,0],"t":70},{"s":[-223.715,93.051,0],"t":89}]},"r":{"a":1,"k":[{"o":{"x":0.167,"y":0.167},"i":{"x":0.667,"y":1},"s":[0],"t":3},{"o":{"x":0.167,"y":0.167},"i":{"x":0.833,"y":0.833},"s":[45],"t":28},{"o":{"x":0.296,"y":0},"i":{"x":0.665,"y":0.832},"s":[5],"t":40},{"o":{"x":0.428,"y":-0.7},"i":{"x":0.811,"y":1.256},"s":[3.659],"t":67},{"s":[0],"t":89}]},"sa":{"a":0,"k":0},"o":{"a":0,"k":100}},"shapes":[{"ty":"gr","bm":0,"hd":false,"mn":"ADBE Vector Group","nm":"Shape 1","ix":1,"cix":2,"np":3,"it":[{"ty":"sh","bm":0,"hd":false,"mn":"ADBE Vector Shape - Group","nm":"Path 1","ix":1,"d":1,"ks":{"a":0,"k":{"c":true,"i":[[-237.63,77.475],[-281,244],[-248.986,291.423],[-229.455,266.253],[-205,108],[-201.533,79.152]],"o":[[-301.5,156.5],[-268.503,286.177],[-229.91299999999998,280.5],[-220,157],[-199.137,91.877],[-220.476,71.60199999999999]],"v":[[-242.5,83.5],[-273,271],[-238.265,285.283],[-229,261],[-201,97],[-210.355,75.636]]}},"_render":true},{"ty":"st","bm":0,"hd":false,"mn":"ADBE Vector Graphic - Stroke","nm":"Stroke 1","lc":1,"lj":1,"ml":4,"o":{"a":0,"k":100},"w":{"a":0,"k":0},"c":{"a":0,"k":[0.64,0.64,0.64,1]},"_render":true},{"ty":"fl","bm":0,"hd":false,"mn":"ADBE Vector Graphic - Fill","nm":"Fill 1","c":{"a":0,"k":[0.94,0.94,0.94,1]},"r":1,"o":{"a":0,"k":100},"_render":true},{"ty":"tr","a":{"a":0,"k":[0,0]},"s":{"a":0,"k":[100,100]},"sk":{"a":0,"k":0},"p":{"a":0,"k":[0,0]},"r":{"a":0,"k":0},"sa":{"a":0,"k":0},"o":{"a":0,"k":100},"_render":true}],"_render":true}],"ind":2,"parent":7,"completed":true},{"ty":4,"nm":"ÃÂÃÂ³ÃÂÃÂ»ÃÂÃÂ°ÃÂÃÂ· 2","sr":1,"st":0,"op":300,"ip":0,"hd":false,"ddd":0,"bm":0,"hasMask":false,"ao":0,"ks":{"a":{"a":0,"k":[-158,-120.5,0]},"s":{"a":1,"k":[{"o":{"x":0.167,"y":0.167},"i":{"x":0.667,"y":1},"s":[100,100,100],"t":36},{"o":{"x":0.333,"y":0},"i":{"x":0.833,"y":0.833},"s":[100,0,100],"t":41},{"s":[100,100,100],"t":46}]},"sk":{"a":0,"k":0},"p":{"a":0,"k":[120,-120.5,0]},"r":{"a":0,"k":0},"sa":{"a":0,"k":0},"o":{"a":0,"k":100}},"shapes":[{"ty":"gr","bm":0,"hd":false,"mn":"ADBE Vector Group","nm":"Rectangle 1","ix":1,"cix":2,"np":3,"it":[{"ty":"rc","bm":0,"hd":false,"mn":"ADBE Vector Shape - Rect","nm":"Rectangle Path 1","d":1,"p":{"a":0,"k":[0,0]},"r":{"a":0,"k":20},"s":{"a":0,"k":[36,93]},"_render":true},{"ty":"st","bm":0,"hd":false,"mn":"ADBE Vector Graphic - Stroke","nm":"Stroke 1","lc":1,"lj":1,"ml":4,"o":{"a":0,"k":100},"w":{"a":0,"k":0},"c":{"a":0,"k":[1,1,1,1]},"_render":true},{"ty":"fl","bm":0,"hd":false,"mn":"ADBE Vector Graphic - Fill","nm":"Fill 1","c":{"a":0,"k":[0.1255,0.7294,0.6667,1]},"r":1,"o":{"a":0,"k":100},"_render":true},{"ty":"tr","a":{"a":0,"k":[0,0]},"s":{"a":0,"k":[100,100]},"sk":{"a":0,"k":0},"p":{"a":0,"k":[-158,-120.5]},"r":{"a":0,"k":0},"sa":{"a":0,"k":0},"o":{"a":0,"k":100},"_render":true}],"_render":true}],"ind":3,"parent":5,"completed":true},{"ty":4,"nm":"ÃÂÃÂ³ÃÂÃÂ»ÃÂÃÂ°ÃÂÃÂ· 1","sr":1,"st":0,"op":300,"ip":0,"hd":false,"ddd":0,"bm":0,"hasMask":false,"ao":0,"ks":{"a":{"a":0,"k":[-158,-120.5,0]},"s":{"a":1,"k":[{"o":{"x":0.167,"y":0.167},"i":{"x":0.667,"y":1},"s":[100,100,100],"t":36},{"o":{"x":0.333,"y":0},"i":{"x":0.833,"y":0.833},"s":[100,0,100],"t":41},{"s":[100,100,100],"t":46}]},"sk":{"a":0,"k":0},"p":{"a":0,"k":[-158,-120.5,0]},"r":{"a":0,"k":0},"sa":{"a":0,"k":0},"o":{"a":0,"k":100}},"shapes":[{"ty":"gr","bm":0,"hd":false,"mn":"ADBE Vector Group","nm":"Rectangle 1","ix":1,"cix":2,"np":3,"it":[{"ty":"rc","bm":0,"hd":false,"mn":"ADBE Vector Shape - Rect","nm":"Rectangle Path 1","d":1,"p":{"a":0,"k":[0,0]},"r":{"a":0,"k":20},"s":{"a":0,"k":[36,93]},"_render":true},{"ty":"st","bm":0,"hd":false,"mn":"ADBE Vector Graphic - Stroke","nm":"Stroke 1","lc":1,"lj":1,"ml":4,"o":{"a":0,"k":100},"w":{"a":0,"k":0},"c":{"a":0,"k":[1,1,1,1]},"_render":true},{"ty":"fl","bm":0,"hd":false,"mn":"ADBE Vector Graphic - Fill","nm":"Fill 1","c":{"a":0,"k":[0.1255,0.7294,0.6667,1]},"r":1,"o":{"a":0,"k":100},"_render":true},{"ty":"tr","a":{"a":0,"k":[0,0]},"s":{"a":0,"k":[100,100]},"sk":{"a":0,"k":0},"p":{"a":0,"k":[-158,-120.5]},"r":{"a":0,"k":0},"sa":{"a":0,"k":0},"o":{"a":0,"k":100},"_render":true}],"_render":true}],"ind":4,"parent":5,"completed":true},{"ty":4,"nm":"ÃÂÃÂÃÂÃÂºÃÂÃÂÃÂÃÂ°ÃÂÃÂ½","sr":1,"st":0,"op":300,"ip":0,"hd":false,"ddd":0,"bm":0,"hasMask":false,"ao":0,"ks":{"a":{"a":0,"k":[-16.492,-119,0]},"s":{"a":0,"k":[100,100,100]},"sk":{"a":0,"k":0},"p":{"a":1,"k":[{"o":{"x":0.167,"y":0.167},"i":{"x":0.833,"y":0.833},"s":[3.5173,-131.3134],"t":0},{"o":{"x":0.167,"y":0.167},"i":{"x":0.833,"y":0.833},"s":[16.429468888888888,-136.97537333333332],"t":17},{"o":{"x":0.167,"y":0.167},"i":{"x":0.833,"y":0.833},"s":[-8.8164,-136.2141],"t":34},{"o":{"x":0.167,"y":0.167},"i":{"x":0.833,"y":0.833},"s":[-31.4668,-133.8798],"t":40},{"s":[3.5173,-131.3134],"t":89}]},"r":{"a":0,"k":0},"sa":{"a":0,"k":0},"o":{"a":0,"k":100}},"shapes":[{"ty":"gr","bm":0,"hd":false,"mn":"ADBE Vector Group","nm":"Shape 2","ix":1,"cix":2,"np":3,"it":[{"ty":"sh","bm":0,"hd":false,"mn":"ADBE Vector Shape - Group","nm":"Path 1","ix":1,"d":1,"ks":{"a":1,"k":[{"o":{"x":0.167,"y":0.167},"i":{"x":0.667,"y":1},"s":[{"c":true,"i":[[9,-199.25],[15.5,-94.5],[158,-40.5],[207,-38.5],[195.75,-198.5]],"o":[[7.617,-194.219],[-65,-40.5],[158,-40.5],[211.508,-162.476],[108.75,-200.5]],"v":[[9,-199.75],[-65,-40.5],[158,-40.5],[210,-121],[152.25,-199.5]]}],"t":7},{"o":{"x":0.333,"y":0},"i":{"x":0.667,"y":1},"s":[{"c":true,"i":[[31.083,-198.682],[37.583,-93.932],[158,-40.5],[207,-38.5],[195.75,-198.5]],"o":[[29.7,-193.65099999999998],[-42.917,-39.932],[158,-40.5],[211.508,-162.476],[108.75,-200.5]],"v":[[31.083,-199.182],[-42.917,-39.932],[158,-40.5],[210,-121],[152.25,-199.5]]}],"t":45},{"o":{"x":0.333,"y":0},"i":{"x":0.833,"y":0.833},"s":[{"c":true,"i":[[31.083,-198.682],[37.583,-93.932],[158,-40.5],[207,-38.5],[195.75,-198.5]],"o":[[29.7,-193.65099999999998],[-42.917,-39.932],[158,-40.5],[211.508,-162.476],[108.75,-200.5]],"v":[[31.083,-199.182],[-42.917,-39.932],[158,-40.5],[210,-121],[152.25,-199.5]]}],"t":53},{"s":[{"c":true,"i":[[9,-199.25],[15.5,-94.5],[158,-40.5],[207,-38.5],[195.75,-198.5]],"o":[[7.617,-194.219],[-65,-40.5],[158,-40.5],[211.508,-162.476],[108.75,-200.5]],"v":[[9,-199.75],[-65,-40.5],[158,-40.5],[210,-121],[152.25,-199.5]]}],"t":79}]},"_render":true},{"ty":"st","bm":0,"hd":false,"mn":"ADBE Vector Graphic - Stroke","nm":"Stroke 1","lc":1,"lj":1,"ml":4,"o":{"a":0,"k":100},"w":{"a":0,"k":0},"c":{"a":0,"k":[1,1,1,1]},"_render":true},{"ty":"fl","bm":0,"hd":false,"mn":"ADBE Vector Graphic - Fill","nm":"Fill 1","c":{"a":0,"k":[0.23,0.23,0.23,1]},"r":1,"o":{"a":0,"k":100},"_render":true},{"ty":"tr","a":{"a":0,"k":[0,0]},"s":{"a":0,"k":[100,100]},"sk":{"a":0,"k":0},"p":{"a":0,"k":[0,0]},"r":{"a":0,"k":0},"sa":{"a":0,"k":0},"o":{"a":0,"k":100},"_render":true}],"_render":true},{"ty":"gr","bm":0,"hd":false,"mn":"ADBE Vector Group","nm":"Rectangle 1","ix":2,"cix":2,"np":3,"it":[{"ty":"rc","bm":0,"hd":false,"mn":"ADBE Vector Shape - Rect","nm":"Rectangle Path 1","d":1,"p":{"a":0,"k":[0,0]},"r":{"a":0,"k":64},"s":{"a":0,"k":[441,162]},"_render":true},{"ty":"st","bm":0,"hd":false,"mn":"ADBE Vector Graphic - Stroke","nm":"Stroke 1","lc":1,"lj":1,"ml":4,"o":{"a":0,"k":100},"w":{"a":0,"k":0},"c":{"a":0,"k":[1,1,1,1]},"_render":true},{"ty":"fl","bm":0,"hd":false,"mn":"ADBE Vector Graphic - Fill","nm":"Fill 1","c":{"a":0,"k":[0.13,0.13,0.13,1]},"r":1,"o":{"a":0,"k":100},"_render":true},{"ty":"tr","a":{"a":0,"k":[0,0]},"s":{"a":0,"k":[102.759,100]},"sk":{"a":0,"k":0},"p":{"a":0,"k":[-16.5,-119]},"r":{"a":0,"k":0},"sa":{"a":0,"k":0},"o":{"a":0,"k":100},"_render":true}],"_render":true}],"ind":5,"parent":6,"completed":true},{"ty":4,"nm":"ÃÂÃÂ³ÃÂÃÂ¾ÃÂÃÂ»ÃÂÃÂ¾ÃÂÃÂ²ÃÂÃÂ°","sr":1,"st":0,"op":300,"ip":0,"hd":false,"ddd":0,"bm":0,"hasMask":false,"ao":0,"ks":{"a":{"a":0,"k":[-19.719,9.59,0]},"s":{"a":0,"k":[100,100,100]},"sk":{"a":0,"k":0},"p":{"a":1,"k":[{"o":{"x":0.333,"y":0},"i":{"x":0.667,"y":1},"s":[-19.719,9.59,0],"t":7},{"o":{"x":0.167,"y":0.167},"i":{"x":0.833,"y":0.833},"s":[-48.5684,46.1634],"t":30},{"o":{"x":0.167,"y":0.167},"i":{"x":0.833,"y":0.833},"s":[-19.719,45.59,0],"t":47},{"o":{"x":0.333,"y":0},"i":{"x":0.667,"y":1},"s":[-19.719,45.59,0],"t":53},{"s":[-19.719,9.59,0],"t":79}]},"r":{"a":1,"k":[{"o":{"x":0.333,"y":0},"i":{"x":0.667,"y":1},"s":[0],"t":7},{"o":{"x":0.333,"y":0},"i":{"x":0.667,"y":1},"s":[-9],"t":28},{"s":[0],"t":79}]},"sa":{"a":0,"k":0},"o":{"a":0,"k":100}},"shapes":[{"ty":"gr","bm":0,"hd":false,"mn":"ADBE Vector Group","nm":"Shape 1","ix":3,"cix":2,"np":3,"it":[{"ty":"sh","bm":0,"hd":false,"mn":"ADBE Vector Shape - Group","nm":"Path 1","ix":1,"d":1,"ks":{"a":0,"k":{"c":true,"i":[[284.021,-161.188],[-206,-374],[-360,-6],[140,16],[214.563,11.970999999999997]],"o":[[124,-408],[-312.425,-161.149],[-143.68099999999998,17.771],[140,16],[277.401,-79.944]],"v":[[242,-226],[-284,-218],[-178,14],[140,16],[250.406,-40.457]]}},"_render":true},{"ty":"st","bm":0,"hd":false,"mn":"ADBE Vector Graphic - Stroke","nm":"Stroke 1","lc":1,"lj":1,"ml":4,"o":{"a":0,"k":100},"w":{"a":0,"k":0},"c":{"a":0,"k":[1,1,1,1]},"_render":true},{"ty":"gf","bm":0,"hd":false,"mn":"ADBE Vector Graphic - G-Fill","nm":"Gradient Fill 1","e":{"a":0,"k":[198,-58]},"g":{"p":3,"k":{"a":0,"k":[0,0.9529411764705882,0.9529411764705882,0.9529411764705882,0.655,0.8509803921568627,0.8705882352941177,0.8901960784313725,1,0.7647058823529411,0.7647058823529411,0.7647058823529411,3,3,3,3,3]}},"t":1,"a":{"a":0,"k":0},"h":{"a":0,"k":0},"s":{"a":0,"k":[-296,-60]},"r":1,"o":{"a":0,"k":100},"_render":true},{"ty":"tr","a":{"a":0,"k":[0,0]},"s":{"a":0,"k":[100,100]},"sk":{"a":0,"k":0},"p":{"a":0,"k":[0,0]},"r":{"a":0,"k":0},"sa":{"a":0,"k":0},"o":{"a":0,"k":100},"_render":true}],"_render":true}],"ind":6,"parent":7,"completed":true},{"ty":4,"nm":"ÃÂÃÂÃÂÃÂµÃÂÃÂ»ÃÂÃÂ¾","sr":1,"st":0,"op":300,"ip":0,"hd":false,"ddd":0,"bm":0,"hasMask":false,"ao":0,"ks":{"a":{"a":0,"k":[-20.704,175.322,0]},"s":{"a":0,"k":[100,100,100]},"sk":{"a":0,"k":0},"p":{"a":1,"k":[{"o":{"x":0.333,"y":0},"i":{"x":0.667,"y":1},"s":[413.796,587.822,0],"t":0},{"o":{"x":0.333,"y":0},"i":{"x":0.667,"y":1},"s":[413.796,507.822,0],"t":45},{"s":[413.796,587.822,0],"t":90}]},"r":{"a":0,"k":0},"sa":{"a":0,"k":0},"o":{"a":0,"k":100}},"shapes":[{"ty":"gr","bm":0,"hd":false,"mn":"ADBE Vector Group","nm":"Ellipse 1","ix":1,"cix":2,"np":3,"it":[{"ty":"el","bm":0,"hd":false,"mn":"ADBE Vector Shape - Ellipse","nm":"Ellipse Path 1","d":1,"p":{"a":0,"k":[0,0]},"s":{"a":0,"k":[227,65]},"_render":true},{"ty":"st","bm":0,"hd":false,"mn":"ADBE Vector Graphic - Stroke","nm":"Stroke 1","lc":1,"lj":1,"ml":4,"o":{"a":0,"k":100},"w":{"a":0,"k":1},"c":{"a":0,"k":[0.58,0.58,0.58,1]},"_render":true},{"ty":"fl","bm":0,"hd":false,"mn":"ADBE Vector Graphic - Fill","nm":"Fill 1","c":{"a":0,"k":[0.82,0.82,0.82,1]},"r":1,"o":{"a":0,"k":100},"_render":true},{"ty":"tr","a":{"a":0,"k":[0,0]},"s":{"a":0,"k":[100,100]},"sk":{"a":0,"k":0},"p":{"a":0,"k":[-23.5,68.5]},"r":{"a":0,"k":0},"sa":{"a":0,"k":0},"o":{"a":0,"k":100},"_render":true}],"_render":true},{"ty":"gr","bm":0,"hd":false,"mn":"ADBE Vector Group","nm":"Shape 1","ix":2,"cix":2,"np":3,"it":[{"ty":"sh","bm":0,"hd":false,"mn":"ADBE Vector Shape - Group","nm":"Path 1","ix":1,"d":1,"ks":{"a":0,"k":{"c":true,"i":[[24,31],[-164,20],[-182,233.99999999999997],[-38.15,319.708],[53.754000000000005,322.598],[148,146]],"o":[[-39.374,31],[-187.857,146.221],[-93.714,321.625],[-11.456,320.301],[137.323,238.20600000000002],[122.56099999999999,34.789]],"v":[[-27,31],[-179.678,102.948],[-132.269,283.359],[-25,320],[91.483,284.497],[137.742,101.155]]}},"_render":true},{"ty":"st","bm":0,"hd":false,"mn":"ADBE Vector Graphic - Stroke","nm":"Stroke 1","lc":1,"lj":1,"ml":4,"o":{"a":0,"k":100},"w":{"a":0,"k":0},"c":{"a":0,"k":[1,1,1,1]},"_render":true},{"ty":"gf","bm":0,"hd":false,"mn":"ADBE Vector Graphic - G-Fill","nm":"Gradient Fill 1","e":{"a":0,"k":[86,146]},"g":{"p":3,"k":{"a":0,"k":[0,0.9529411764705882,0.9529411764705882,0.9529411764705882,0.655,0.8509803921568627,0.8705882352941177,0.8901960784313725,1,0.7647058823529411,0.7647058823529411,0.7647058823529411,3,3,3,3,3]}},"t":1,"a":{"a":0,"k":0},"h":{"a":0,"k":0},"s":{"a":0,"k":[-166,148]},"r":1,"o":{"a":0,"k":100},"_render":true},{"ty":"tr","a":{"a":0,"k":[0,0]},"s":{"a":0,"k":[100,100]},"sk":{"a":0,"k":0},"p":{"a":0,"k":[0,0]},"r":{"a":0,"k":0},"sa":{"a":0,"k":0},"o":{"a":0,"k":100},"_render":true}],"_render":true}],"ind":7,"completed":true},{"ty":4,"nm":"ÃÂÃÂÃÂÃÂÃÂÃÂ¾ 2","sr":1,"st":0,"op":300,"ip":0,"hd":false,"ddd":0,"bm":0,"hasMask":false,"ao":0,"ks":{"a":{"a":0,"k":[-305.5,-118,0]},"s":{"a":0,"k":[100,100,100]},"sk":{"a":0,"k":0},"p":{"a":1,"k":[{"o":{"x":0.333,"y":0},"i":{"x":0.667,"y":1},"s":[263.5,-118,0],"t":7},{"o":{"x":0.333,"y":0},"i":{"x":0.667,"y":1},"s":[247.381,-117.593,0],"t":49},{"s":[263.5,-118,0],"t":79}]},"r":{"a":0,"k":0},"sa":{"a":0,"k":0},"o":{"a":0,"k":100}},"shapes":[{"ty":"gr","bm":0,"hd":false,"mn":"ADBE Vector Group","nm":"Ellipse 1","ix":1,"cix":2,"np":3,"it":[{"ty":"el","bm":0,"hd":false,"mn":"ADBE Vector Shape - Ellipse","nm":"Ellipse Path 1","d":1,"p":{"a":0,"k":[0,0]},"s":{"a":0,"k":[111,138]},"_render":true},{"ty":"st","bm":0,"hd":false,"mn":"ADBE Vector Graphic - Stroke","nm":"Stroke 1","lc":1,"lj":1,"ml":4,"o":{"a":0,"k":100},"w":{"a":0,"k":0},"c":{"a":0,"k":[1,1,1,1]},"_render":true},{"ty":"fl","bm":0,"hd":false,"mn":"ADBE Vector Graphic - Fill","nm":"Fill 1","c":{"a":0,"k":[0.88,0.88,0.88,1]},"r":1,"o":{"a":0,"k":100},"_render":true},{"ty":"tr","a":{"a":0,"k":[0,0]},"s":{"a":0,"k":[100,100]},"sk":{"a":0,"k":0},"p":{"a":0,"k":[-305.5,-118]},"r":{"a":0,"k":0},"sa":{"a":0,"k":0},"o":{"a":0,"k":100},"_render":true}],"_render":true}],"ind":8,"parent":6,"completed":true},{"ty":4,"nm":"ÃÂÃÂÃÂÃÂÃÂÃÂ¾ 1","sr":1,"st":0,"op":300,"ip":0,"hd":false,"ddd":0,"bm":0,"hasMask":false,"ao":0,"ks":{"a":{"a":0,"k":[-305.5,-118,0]},"s":{"a":0,"k":[100,100,100]},"sk":{"a":0,"k":0},"p":{"a":1,"k":[{"o":{"x":0.333,"y":0},"i":{"x":0.667,"y":1},"s":[-305.5,-118,0],"t":7},{"o":{"x":0.333,"y":0},"i":{"x":0.667,"y":1},"s":[-321.619,-117.593,0],"t":49},{"s":[-305.5,-118,0],"t":79}]},"r":{"a":0,"k":0},"sa":{"a":0,"k":0},"o":{"a":0,"k":100}},"shapes":[{"ty":"gr","bm":0,"hd":false,"mn":"ADBE Vector Group","nm":"Ellipse 1","ix":1,"cix":2,"np":3,"it":[{"ty":"el","bm":0,"hd":false,"mn":"ADBE Vector Shape - Ellipse","nm":"Ellipse Path 1","d":1,"p":{"a":0,"k":[0,0]},"s":{"a":0,"k":[111,138]},"_render":true},{"ty":"st","bm":0,"hd":false,"mn":"ADBE Vector Graphic - Stroke","nm":"Stroke 1","lc":1,"lj":1,"ml":4,"o":{"a":0,"k":100},"w":{"a":0,"k":0},"c":{"a":0,"k":[1,1,1,1]},"_render":true},{"ty":"fl","bm":0,"hd":false,"mn":"ADBE Vector Graphic - Fill","nm":"Fill 1","c":{"a":0,"k":[0.88,0.88,0.88,1]},"r":1,"o":{"a":0,"k":100},"_render":true},{"ty":"tr","a":{"a":0,"k":[0,0]},"s":{"a":0,"k":[100,100]},"sk":{"a":0,"k":0},"p":{"a":0,"k":[-305.5,-118]},"r":{"a":0,"k":0},"sa":{"a":0,"k":0},"o":{"a":0,"k":100},"_render":true}],"_render":true}],"ind":9,"parent":6,"completed":true},{"ty":4,"nm":"ÃÂÃÂÃÂÃÂµÃÂÃÂ½ÃÂÃÂ","sr":1,"st":0,"op":300,"ip":0,"hd":false,"ddd":0,"bm":0,"hasMask":false,"ao":0,"ks":{"a":{"a":0,"k":[-17.5,380.5,0]},"s":{"a":1,"k":[{"o":{"x":0.333,"y":0},"i":{"x":0.667,"y":1},"s":[100,100,100],"t":0},{"o":{"x":0.333,"y":0},"i":{"x":0.667,"y":1},"s":[108,108,100],"t":45},{"s":[100,100,100],"t":90}]},"sk":{"a":0,"k":0},"p":{"a":0,"k":[416,791,0]},"r":{"a":0,"k":0},"sa":{"a":0,"k":0},"o":{"a":0,"k":60}},"shapes":[{"ty":"gr","bm":0,"hd":false,"mn":"ADBE Vector Group","nm":"Ellipse 1","ix":1,"cix":2,"np":3,"it":[{"ty":"el","bm":0,"hd":false,"mn":"ADBE Vector Shape - Ellipse","nm":"Ellipse Path 1","d":1,"p":{"a":0,"k":[0,0]},"s":{"a":0,"k":[249,59]},"_render":true},{"ty":"st","bm":0,"hd":false,"mn":"ADBE Vector Graphic - Stroke","nm":"Stroke 1","lc":1,"lj":1,"ml":4,"o":{"a":0,"k":100},"w":{"a":0,"k":0},"c":{"a":0,"k":[1,1,1,1]},"_render":true},{"ty":"fl","bm":0,"hd":false,"mn":"ADBE Vector Graphic - Fill","nm":"Fill 1","c":{"a":0,"k":[0.77,0.77,0.77,1]},"r":1,"o":{"a":0,"k":100},"_render":true},{"ty":"tr","a":{"a":0,"k":[0,0]},"s":{"a":0,"k":[100,100]},"sk":{"a":0,"k":0},"p":{"a":0,"k":[-17.5,380.5]},"r":{"a":0,"k":0},"sa":{"a":0,"k":0},"o":{"a":0,"k":100},"_render":true}],"_render":true}],"ind":10,"completed":true}],"v":"5.7.0","fr":30,"op":90,"ip":0,"assets":[],"__complete":true}